iteration,score
22,3819.9195402298847
28,4101.6321839080465
98,4241.459770114943
809,4268.3448275862065
835,4284.287356321838
1166,4354.229885057472
