iteration,score
0,3482.089887640449
6,3556.8089887640454
21,3659.52808988764
23,3789.2471910112363
24,3900.9662921348317
31,4054.685393258427
