iteration,score
4,3313.089887640449
10,3383.8089887640454
15,3406.168539325843
22,3520.8876404494376
87,3540.2471910112363
999,3580.606741573034
15084,3582.606741573034
